architecture,tokens,seed,step_ms_inband,step_ms_fine,egap_inband,disp_inband,disp_fine
Point-token transformer,per_node,0,1414.625,14795.27,0.010404845053903738,0.03121212724519093,0.28108481274785124
Point-token transformer,per_node,1,1414.625,14795.27,0.010472979266780215,0.03192266020459551,0.28739676384722246
Point-token transformer,per_node,2,1414.625,14795.27,0.00649501128979948,0.02673443586521023,0.20661549686211217
Token bottleneck,512,0,27.77,49.2,0.02356291532669596,0.07903811805030203,0.4052964722633025
Token bottleneck,512,1,27.77,49.2,0.06074531266167908,0.16581157781309103,0.5568250719739487
Token bottleneck,512,2,27.77,49.2,0.019956678754999208,0.0745904579988613,0.4259111652116022
Token bottleneck,1024,0,36.94,47.48,0.025947987220492352,0.09509454039216353,0.6419276331810415
Token bottleneck,1024,1,36.94,47.48,0.030880258837222563,0.09433764204170209,0.5328439479005191
Token bottleneck,1024,2,36.94,47.48,0.020718655589264202,0.07808652360558319,0.5462989764583154
